Anger,Sadness,Disgust,Joy,Surprise,Fear
0.000232661,7.16E-05,2.573668,0.000434702,92.17278,2.08E-05
,,,,,
0.000231156,7.15E-05,2.57357,0.000433059,90.53708,2.95E-05
,,,,,
0.000228761,7.13E-05,2.573593,0.000430565,89.92245,3.34E-05
,,,,,
0.000227793,7.15E-05,2.573892,0.00042975,89.40093,3.69E-05
,,,,,
0.000227721,7.18E-05,2.576587,0.000429586,89.55801,3.59E-05
,,,,,
,,,,,
,,,,,
,,,,,
,,,,,
,,,,,
0.000225516,7.20E-05,2.574635,0.000427964,90.60373,2.98E-05
,,,,,
,,,,,
,,,,,
0.000223345,7.29E-05,2.568363,0.000427083,91.19594,2.67E-05
,,,,,
,,,,,
,,,,,
0.000224303,7.28E-05,2.562717,0.000427107,90.12413,3.26E-05
,,,,,
0.000221785,7.46E-05,2.56257,0.00042646,90.56422,3.00E-05
,,,,,
0.000221611,7.78E-05,2.582884,0.000427484,92.79587,1.81E-05
,,,,,
0.000220998,7.67E-05,2.616874,0.000428134,95.19164,9.07E-06
,,,,,
0.000222429,7.76E-05,2.640504,0.000428615,95.31122,8.53E-06
,,,,,
0.000221841,7.94E-05,2.653432,0.000430372,95.83329,7.02E-06
,,,,,
0.000224547,7.77E-05,2.66049,0.000431149,95.96996,6.58E-06
,,,,,
0.000224419,7.94E-05,2.652731,0.000433008,95.97913,6.57E-06
,,,,,
0.000219872,8.07E-05,2.638165,0.000431671,96.0412,6.55E-06
,,,,,
0.000225212,7.76E-05,2.624347,0.000432167,96.08681,6.30E-06
,,,,,
0.000225844,7.56E-05,2.617917,0.000431025,96.13216,6.16E-06
,,,,,
,,,,,
,,,,,
,,,,,
0.000226838,7.49E-05,2.595877,0.00043122,96.06848,6.30E-06
,,,,,
0.00022592,7.44E-05,2.580842,0.000430023,95.90025,6.80E-06
,,,,,
0.000224816,7.43E-05,2.568238,0.000429147,95.44582,8.14E-06
,,,,,
0.00022305,7.08E-05,2.554669,0.000426496,94.45242,1.14E-05
,,,,,
0.000215677,4.55E-05,2.500623,0.000417464,91.18049,2.49E-05
,,,,,
0.000196664,3.50E-05,2.376149,0.000397108,85.59929,5.52E-05
,,,,,
0.000144035,2.93E-05,2.012277,0.000334943,75.6787,0.000110242
,,,,,
7.34E-05,4.87E-05,1.399314,0.000231815,62.0072,0.00013888
5.60E-05,7.86E-05,1.201751,0.000199997,56.15243,0.000145635
,,,,,
3.04E-05,0.000222817,0.860235,0.000143299,43.72041,0.000155034
,,,,,
1.40E-05,0.001623825,0.4733216,7.98E-05,24.54761,0.000165369
,,,,,
,,,,,
,,,,,
1.44E-05,0.001943775,0.4343842,7.47E-05,21.87259,0.000170236
,,,,,
1.46E-05,0.001942457,0.4303859,7.46E-05,21.65325,0.000170627
,,,,,
1.56E-05,0.001683784,0.4239656,7.64E-05,20.21169,0.000178467
,,,,,
,,,,,
,,,,,
,,,,,
1.46E-05,0.00160521,0.4269536,7.33E-05,21.10419,0.000171971
,,,,,
1.55E-05,0.001965166,0.4276734,7.52E-05,20.39693,0.000176547
1.52E-05,0.001946398,0.4271413,7.42E-05,20.70044,0.000174014
,,,,,
1.62E-05,0.001952665,0.4268975,7.42E-05,20.67758,0.000174242
,,,,,
1.64E-05,0.001928117,0.4267631,7.19E-05,21.51151,0.000168891
1.58E-05,0.001945871,0.4269438,7.19E-05,21.53215,0.000168441
,,,,,
1.55E-05,0.001940689,0.4277201,7.23E-05,21.49738,0.000167963
,,,,,
,,,,,
,,,,,
,,,,,
1.54E-05,0.002009264,0.4276986,7.26E-05,21.42139,0.000168329
1.48E-05,0.001980794,0.4276178,7.12E-05,21.91739,0.000165095
,,,,,
1.46E-05,0.001955984,0.4282265,7.04E-05,22.33483,0.000163202
,,,,,
1.45E-05,0.001967771,0.4284835,7.01E-05,22.51729,0.000162722
,,,,,
1.37E-05,0.00196536,0.4328531,7.05E-05,23.05831,0.000164554
,,,,,
1.43E-05,0.001856844,0.4421213,7.18E-05,24.50236,0.000216381
,,,,,
1.41E-05,0.001800447,0.4538206,7.37E-05,25.4037,0.00022296
,,,,,
1.52E-05,0.00156676,0.4781769,7.76E-05,28.09796,0.000318331
,,,,,
2.79E-05,0.000670218,0.5474706,8.89E-05,36.76223,0.002022413
,,,,,
3.95E-05,0.000325016,0.7025511,0.000114049,50.12214,0.007255517
,,,,,
7.97E-05,8.46E-05,1.00206,0.000163047,68.6173,0.05525163
,,,,,
0.000101332,3.57E-05,1.393942,0.000227645,79.70054,0.09881336
9.10E-05,3.25E-05,1.54162,0.000251965,81.34412,0.06712522
,,,,,
0.000168158,1.86E-05,2.145143,0.000352945,88.65679,0.04152419
0.000182836,3.52E-05,2.23035,0.000367426,87.09923,0.008808074
0.000160007,5.19E-05,2.265395,0.00037378,87.38152,0.007644185
,,,,,
0.000151792,6.34E-05,2.423837,0.000401077,89.48133,0.008066786
,,,,,
0.000114643,7.53E-05,2.496014,0.000413682,91.57945,0.0223053
,,,,,
8.25E-05,0.000345467,2.534183,0.000420084,91.35714,0.00289465
,,,,,
6.57E-05,0.000873031,2.553404,0.000422654,90.80917,0.000535637
,,,,,
3.33E-05,0.002611268,2.570486,0.000424769,93.10914,0.000517656
,,,,,
1.93E-05,0.0053395,2.572438,0.000425079,94.28355,0.000827474
2.71E-05,0.002209767,2.569372,0.000425248,92.89489,0.000942572
,,,,,
3.56E-05,0.001179842,2.575545,0.000426119,92.35552,0.000915443
6.26E-05,0.000340574,2.578779,0.000426361,91.98995,0.001124205
,,,,,
0.000121479,6.79E-05,2.581486,0.000426337,91.29329,0.003292915
0.000159604,5.21E-05,2.584013,0.000426007,90.15858,0.001466839
,,,,,
0.000175531,4.59E-05,2.5881,0.000426123,91.15391,0.000929166
,,,,,
0.000198371,2.01E-05,2.587832,0.000426101,92.8643,0.004299719
,,,,,
0.000270738,3.73E-06,2.599587,0.000426629,95.89009,0.3698238
0.000274763,3.64E-06,2.619204,0.000426702,97.02885,0.2146366
,,,,,
0.000276389,3.57E-06,2.656128,0.000426597,97.61057,0.1397619
0.000259763,3.85E-06,2.661456,0.000426688,97.93855,0.09334841
,,,,,
0.000255372,3.90E-06,2.656484,0.000426749,97.9771,0.08342326
,,,,,
0.000254205,3.94E-06,2.674385,0.000426733,98.1527,0.07263176
,,,,,
0.000205598,5.04E-06,2.66085,0.000426887,98.13267,0.03868906
,,,,,
0.000202153,4.97E-06,2.648656,0.000426886,98.12982,0.02974929
0.00020056,6.45E-06,2.638902,0.000426968,98.12127,0.01876258
,,,,,
0.000206234,8.56E-06,2.633545,0.000426958,97.87651,0.007145355
,,,,,
0.000215408,3.27E-05,2.600535,0.000426996,96.64729,0.000108136
,,,,,
0.000216188,4.56E-05,2.603523,0.000427109,96.52238,3.47E-05
,,,,,
0.000219378,5.86E-05,2.59598,0.000427202,96.11173,1.55E-05
,,,,,
0.000219653,6.70E-05,2.582151,0.000427342,95.61418,1.18E-05
,,,,,
0.000224876,7.17E-05,2.574742,0.000428597,95.25672,9.25E-06
,,,,,
0.000225942,7.18E-05,2.570302,0.000429614,95.06199,9.82E-06
0.00022655,7.16E-05,2.574589,0.000430176,94.67036,1.12E-05
,,,,,
0.000227972,7.16E-05,2.57834,0.000431296,94.284,1.26E-05
0.000232864,7.21E-05,2.572997,0.000436198,92.46896,1.99E-05
,,,,,
0.000241199,7.32E-05,2.57092,0.000445129,88.82915,3.93E-05
,,,,,
0.000259102,7.59E-05,2.570463,0.000464587,84.42324,6.91E-05
0.000260844,7.61E-05,2.571074,0.000466726,84.5068,6.82E-05
,,,,,
0.000280828,7.83E-05,2.571439,0.000487094,84.85868,6.11E-05
,,,,,
0.000279992,7.83E-05,2.573089,0.000486174,86.002,5.23E-05
,,,,,
0.000290555,7.94E-05,2.572976,0.000496877,85.27818,5.58E-05
,,,,,
0.000315859,8.26E-05,2.571551,0.000522296,83.00552,6.86E-05
,,,,,
0.000323621,8.36E-05,2.568396,0.000530017,81.12089,8.27E-05
,,,,,
,,,,,
0.000322083,8.33E-05,2.564028,0.000528543,80.42937,8.93E-05
,,,,,
0.000298787,8.06E-05,2.544231,0.000505198,80.56802,9.36E-05
,,,,,
0.00029398,8.11E-05,2.528301,0.000500689,78.2387,0.000118284
,,,,,
0.000274527,8.00E-05,2.487815,0.000481356,78.47205,0.000119865
,,,,,
0.000256918,8.16E-05,2.445643,0.00046396,77.29961,0.000133043
,,,,,
0.000199175,0.000102469,2.159111,0.000403526,72.32639,0.000156891
,,,,,
0.000118342,0.000158992,1.687554,0.000303027,65.50877,0.000157606
,,,,,
3.32E-05,0.000539794,0.8730883,0.00015156,43.72284,0.000155764
,,,,,
1.50E-05,0.001271672,0.5471584,9.32E-05,28.92359,0.000158512
,,,,,
1.56E-05,0.001822798,0.4523068,7.59E-05,23.91918,0.000160184
1.60E-05,0.002021434,0.4291799,7.15E-05,22.7735,0.000165298
,,,,,
1.52E-05,0.001957938,0.4290222,7.11E-05,22.9891,0.000184694
,,,,,
1.95E-05,0.0014876,0.4265574,7.02E-05,24.52328,0.000460515
,,,,,
5.99E-05,0.000470335,0.4272584,6.99E-05,31.55262,0.01478709
,,,,,
0.000264651,0.000104931,0.4291759,7.00E-05,42.19177,1.374374
0.000263685,0.000103771,0.4357661,7.03E-05,41.87418,1.288533
,,,,,
0.000324533,8.30E-05,0.4823824,7.05E-05,43.34036,2.367141
,,,,,
0.000331165,7.58E-05,0.5080916,7.43E-05,44.62092,2.680313
0.000335961,6.40E-05,0.4958816,8.04E-05,47.60206,2.774237
,,,,,
0.000231891,3.71E-05,0.3449325,0.000229305,49.68354,2.013963
,,,,,
7.65E-05,8.51E-06,0.154367,0.004052468,57.39222,0.6044855
,,,,,
8.95E-05,1.01E-05,0.3532131,0.001760459,66.09364,0.3471501
,,,,,
7.16E-05,7.38E-05,0.9316802,0.000201605,59.22347,0.02557769
,,,,,
4.29E-05,0.000155555,1.010314,0.000175488,54.14874,0.0033725
,,,,,
5.57E-05,0.000204819,1.150878,0.000200382,54.54975,0.000742423
7.92E-05,0.000137296,1.391307,0.000242987,61.35818,0.000858273
7.88E-05,0.000154791,1.372585,0.000242468,60.04926,0.000648888
,,,,,
7.36E-05,9.31E-05,1.354538,0.000233081,64.11171,0.00295994
9.87E-05,4.06E-05,1.211371,0.000202783,68.34601,0.06075665
0.000273518,1.58E-05,1.152769,0.000191079,73.63986,1.287899
,,,,,
0.000351385,8.69E-06,1.383652,0.00022904,79.87305,2.675968
0.000368713,7.24E-06,1.486414,0.000245543,81.90859,3.083244
,,,,,
0.00038189,5.46E-06,1.716596,0.000283996,85.30749,3.087537
,,,,,
0.000386397,4.73E-06,1.8625,0.000308325,87.52451,2.77787
,,,,,
0.000375566,3.95E-06,2.078965,0.000344614,90.97301,2.019312
,,,,,
0.000366581,3.64E-06,2.186083,0.000362816,91.53114,2.038788
,,,,,
0.00035654,5.57E-06,1.7743,0.000293397,86.86843,2.8872
0.000355246,4.83E-06,1.921806,0.000318756,88.39155,2.738918
,,,,,
0.000354519,5.59E-06,1.795582,0.000299425,87.24636,2.726679
,,,,,
0.000325953,5.98E-06,1.847708,0.000316189,86.33797,2.021702
0.000105554,3.31E-05,1.466863,0.000273645,72.14861,0.05185436
,,,,,
8.69E-05,9.07E-05,1.149891,0.000265812,45.29731,0.00061498
,,,,,
0.000112146,0.000114713,1.011061,0.000311856,30.46992,0.000316095
,,,,,
9.08E-05,0.000198121,0.7401466,0.000282156,19.43588,0.000353651
6.03E-05,0.000302549,0.5376891,0.000225628,14.30667,0.000355661
,,,,,
4.79E-05,0.000275998,0.5056075,0.000197498,16.72067,0.000316702
,,,,,
7.81E-05,0.000140508,0.3202795,0.00022752,23.76743,0.00029108
,,,,,
0.000129292,0.000115316,0.7890816,0.000335206,34.07127,0.000291149
,,,,,
9.93E-05,0.000410486,0.9422625,0.00028853,29.52002,0.000297485
,,,,,
0.000179665,0.000523823,1.132402,0.00040318,27.27009,0.00036861
,,,,,
0.000236184,0.000445629,1.307197,0.000468586,29.60979,0.00039019
0.00022118,0.000416253,1.329346,0.00044965,31.70255,0.000368976
,,,,,
0.000132028,0.000766271,0.9740427,0.000340382,22.1336,0.000388367
,,,,,
0.00014678,0.000775689,0.9833579,0.000362179,21.02675,0.000407875
0.000133499,0.00173517,0.7178044,0.000351754,9.94191,0.000540367
,,,,,
0.000109059,0.002833134,0.5788237,0.00031838,6.418444,0.000605758
,,,,,
5.95E-05,0.003143547,0.496921,0.000214988,7.445654,0.000482779
,,,,,
4.98E-05,0.003191022,0.4602279,0.000176033,8.11294,0.000447257
3.34E-05,0.002384948,0.4663133,0.000137033,12.14794,0.000369269
,,,,,
3.50E-05,0.00217477,0.4673935,0.000143596,11.69344,0.000366956
,,,,,
2.95E-05,0.001602495,0.4783115,0.000134188,13.94359,0.000330339
,,,,,
2.88E-05,0.001673883,0.4829073,0.000132099,14.73711,0.000311184
2.87E-05,0.001924395,0.4676597,0.000127081,14.0959,0.000311033
,,,,,
2.25E-05,0.001674656,0.4593849,0.000104317,17.65368,0.000264483
,,,,,
2.15E-05,0.001766326,0.4481219,9.88E-05,17.58309,0.000261896
2.21E-05,0.001938061,0.4302177,9.68E-05,16.28809,0.000253477
2.09E-05,0.001834142,0.4256915,9.12E-05,17.2928,0.000250235
1.92E-05,0.001765727,0.4240924,8.69E-05,17.94115,0.000229194
,,,,,
1.80E-05,0.00181562,0.4219112,8.22E-05,18.73215,0.000215359
,,,,,
1.71E-05,0.001771259,0.4232395,7.98E-05,19.19257,0.000208382
,,,,,
1.65E-05,0.001716945,0.4228948,7.76E-05,19.88637,0.000208666
,,,,,
1.63E-05,0.001690825,0.4221345,7.61E-05,20.39806,0.000214138
,,,,,
1.57E-05,0.001652518,0.4210543,7.41E-05,21.02537,0.000210734
1.58E-05,0.00172173,0.4214149,7.41E-05,20.97277,0.000214326
,,,,,
1.58E-05,0.001598716,0.4206954,7.38E-05,21.06542,0.000215636
,,,,,
1.57E-05,0.001666143,0.4231184,7.40E-05,20.85917,0.000205508
,,,,,
1.55E-05,0.001598027,0.4221974,7.34E-05,21.0825,0.000203276
1.55E-05,0.001639305,0.4233565,7.34E-05,21.05691,0.000203973
,,,,,
1.64E-05,0.001766429,0.4216845,7.46E-05,20.76857,0.000219617
1.65E-05,0.00187698,0.4223863,7.57E-05,20.32182,0.000215255
,,,,,
1.64E-05,0.001859836,0.4227405,7.56E-05,20.37155,0.00021369
1.64E-05,0.001830633,0.4225767,7.43E-05,20.90053,0.000225124
,,,,,
1.69E-05,0.001941189,0.4227161,7.70E-05,19.92664,0.000220091
,,,,,
1.70E-05,0.002032584,0.4231592,7.88E-05,19.26768,0.00020827
1.73E-05,0.00209516,0.4232377,8.03E-05,18.76793,0.000206682
,,,,,
1.77E-05,0.002180269,0.4233716,8.18E-05,18.36959,0.000208663
1.91E-05,0.002260745,0.4244853,8.60E-05,17.2685,0.00021918
,,,,,
2.78E-05,0.002765596,0.426067,0.000111206,12.41845,0.00027496
,,,,,
3.43E-05,0.003075228,0.4286966,0.000128953,10.28154,0.000312181
4.55E-05,0.003432671,0.4333425,0.000156442,8.093983,0.000372676
,,,,,
7.97E-05,0.004079903,0.4443294,0.000232057,4.924789,0.000538866
0.000183744,0.005774453,0.46139,0.000417323,2.297705,0.000937807
,,,,,
0.00019745,0.004870687,0.5069814,0.00045794,2.613602,0.000935299
0.00027415,0.004183854,0.5599728,0.000551333,2.633001,0.001021098
,,,,,
0.000468255,0.002700291,0.7318752,0.000739752,3.642512,0.001046456
,,,,,
0.001014289,0.001849289,0.9601365,0.00114239,4.171726,0.001226019
,,,,,
0.002417821,0.00066856,1.594647,0.001826288,8.914315,0.001153693
,,,,,
0.003719472,0.000345611,2.123603,0.002292961,14.70268,0.001053312
,,,,,
0.005102346,0.000273452,2.263254,0.002746921,14.38747,0.001156243
,,,,,
0.002530112,0.000161925,2.127453,0.001804077,26.23475,0.000724358
,,,,,
0.00231625,0.000142773,2.155073,0.001709604,28.83089,0.000673857
,,,,,
0.001907107,0.000123259,1.575317,0.001521972,33.19603,0.00059115
0.001683675,0.000144898,1.725519,0.001412795,36.1049,0.00054109
0.001599347,0.000140599,1.700034,0.001369959,37.33624,0.000522488
,,,,,
0.001312783,0.000132234,1.673448,0.001218292,41.60883,0.000465076
,,,,,
0.001173071,0.000122294,1.555468,0.001140507,44.06511,0.000436451
,,,,,
0.000878812,0.000110016,1.739031,0.000961351,50.51627,0.000369147
,,,,,
0.000934154,0.000108481,1.568694,0.000996389,49.15719,0.000383752
0.001359833,0.00013404,1.724474,0.001246876,40.80722,0.000481547
,,,,,
0.001878834,0.000158537,1.763451,0.001511972,34.01895,0.000588091
,,,,,
0.003404783,0.000214493,1.957189,0.002154977,23.01414,0.000856324
0.003254168,0.000210465,1.994419,0.002099323,23.56568,0.000851351
,,,,,
0.0035318,0.000214696,2.105107,0.002205442,22.20575,0.000901861
0.003404968,0.000216113,2.222198,0.002157031,22.70558,0.00088539
0.003961184,0.000231396,2.304142,0.002364638,20.29047,0.00097967
,,,,,
0.003496295,0.000223256,2.400784,0.00219261,22.12687,0.000916942
0.003216993,0.000220691,2.466087,0.002085904,23.50381,0.000866206
,,,,,
0.002684892,0.00021744,2.500471,0.001872292,26.69285,0.000762915
0.002225866,0.000203755,2.544023,0.001675725,30.27948,0.000671798
,,,,,
0.000934488,0.000137117,2.561061,0.000998989,49.14385,0.000389574
,,,,,
,,,,,
0.000418686,9.49E-05,2.560824,0.00061934,66.78967,0.00023912
,,,,,
0.000244829,6.67E-05,2.558673,0.000450768,77.27361,0.000242986
,,,,,
0.000222343,1.90E-05,2.571604,0.000427711,84.54272,0.008762658
,,,,,
0.000222662,5.34E-06,2.616152,0.000427229,89.36029,0.3478517
,,,,,
0.000300916,3.09E-06,3.193312,0.000436544,91.40366,1.493089
,,,,,
0.000251564,1.83E-06,62.76615,0.001031411,92.79264,1.39311
,,,,,
8.05E-05,6.40E-07,94.92018,0.01518842,94.19139,0.2736485
8.47E-06,7.77E-08,83.02885,3.105489,95.38602,0.01609252
,,,,,
1.11E-06,9.57E-09,42.5875,83.48673,96.85791,0.001184658
4.17E-07,4.17E-09,24.64003,97.91407,97.7915,0.000202109
,,,,,
3.64E-07,1.12E-08,27.31301,98.0481,97.39987,7.35E-06
4.59E-07,2.68E-08,37.31886,96.97781,97.06386,9.49E-07
,,,,,
6.10E-07,1.10E-07,52.24078,96.21831,95.84395,1.89E-08
1.16E-06,1.51E-07,74.08808,95.11012,95.33714,1.57E-08
,,,,,
2.79E-06,2.56E-07,95.20188,87.99982,94.84714,2.41E-08
,,,,,
1.29E-05,9.45E-07,99.2318,26.98911,94.30223,8.86E-08
5.48E-05,3.40E-06,99.80709,2.397195,92.91602,3.32E-07
,,,,,
0.000343717,2.00E-05,99.98504,0.05302679,90.9105,2.04E-06
,,,,,
0.001033893,4.24E-05,99.99565,0.02099193,86.13258,4.60E-06
,,,,,
0.000829782,2.44E-05,99.99603,0.1338788,82.74372,2.73E-06
2.62E-05,4.18E-07,99.78478,99.06199,70.75106,5.22E-08
3.21E-05,4.22E-07,99.78865,99.20513,68.71658,5.32E-08
,,,,,
2.60E-05,3.46E-07,99.77686,99.42744,70.48057,4.32E-08
,,,,,
6.72E-06,2.88E-07,99.82465,98.03703,85.51923,3.09E-08
,,,,,
5.44E-05,4.82E-06,99.96722,2.44149,89.40723,4.93E-07
,,,,,
0.000501617,7.76E-05,98.35904,0.001249764,92.54547,7.77E-06
,,,,,
0.000307039,7.71E-05,95.55888,0.000492204,95.1284,7.73E-06
0.000241141,6.94E-05,91.11676,0.000435386,95.20856,9.64E-06
,,,,,
0.00022736,2.98E-05,81.80192,0.00042806,95.70718,8.94E-05
0.000324819,2.32E-06,62.64326,0.000427167,97.62483,0.09274928
,,,,,
0.000742108,1.96E-06,51.22359,0.00042709,97.74088,0.2746132
,,,,,
0.001264946,2.20E-06,31.08743,0.000427102,97.52392,0.3302557
,,,,,
0.002397005,2.53E-06,22.72248,0.000427121,97.48614,0.3317723
0.002357875,2.62E-06,35.16607,0.000427162,97.18446,0.3920201
,,,,,
0.000858582,2.60E-06,56.45389,0.000427135,96.22616,0.6834058
,,,,,
0.000568607,2.60E-06,9.129286,0.000426943,94.37873,1.388544
,,,,,
0.000464357,2.60E-06,3.834381,0.000425165,92.8595,2.083433
,,,,,
0.000432062,2.66E-06,3.03601,0.000416106,91.75934,2.521228
,,,,,
0.000408608,5.05E-06,1.885164,0.000292665,85.78332,3.077523
,,,,,
0.000421319,2.01E-05,0.9137238,0.000137843,67.38323,3.225797
,,,,,
0.000682502,4.58E-05,0.7773067,8.76E-05,52.27353,3.336719
,,,,,
0.001623958,6.13E-05,0.5454066,7.47E-05,46.62918,3.381168
,,,,,
0.003621642,6.39E-05,0.4574446,7.29E-05,45.72069,3.393086
,,,,,
0.00363436,6.54E-05,0.4557312,7.20E-05,45.22845,3.410902
,,,,,
0.003105917,6.56E-05,0.4591376,7.18E-05,45.08004,3.419721
,,,,,
0.001999822,6.50E-05,0.4789895,7.19E-05,45.0815,3.418759
,,,,,
0.000974981,6.62E-05,0.4936083,7.17E-05,44.95019,3.409151
,,,,,
0.000838537,6.92E-05,0.4599261,7.01E-05,44.15608,3.40564
0.000599528,7.17E-05,0.4410515,6.96E-05,43.89362,3.341348
,,,,,
0.000616951,7.30E-05,0.4337359,6.95E-05,43.7524,3.261505
,,,,,
0.000580697,7.56E-05,0.4297343,6.95E-05,43.67373,3.087173
0.000519885,8.07E-05,0.4288735,6.96E-05,43.2967,2.650512
,,,,,
0.000582287,8.53E-05,0.4284185,6.97E-05,42.98115,2.32876
,,,,,
0.000566318,0.000107044,0.4280708,6.97E-05,41.45441,1.233017
,,,,,
0.000735767,9.63E-05,0.4275707,6.97E-05,42.02701,1.61703
0.000644454,0.000100282,0.4255458,6.98E-05,41.5269,1.390117
0.000696028,9.82E-05,0.4247127,6.99E-05,41.46631,1.435708
0.000503917,0.000102838,0.4265455,7.00E-05,41.05974,1.250997
,,,,,
,,,,,
0.000407762,0.000143717,0.4249183,7.04E-05,38.54099,0.4799181
,,,,,
0.000285076,0.000185697,0.4254054,7.05E-05,36.64444,0.2223544
,,,,,
0.000236508,0.000271529,0.4221794,7.09E-05,33.90202,0.07402174
,,,,,
0.000161992,0.000391499,0.4164955,7.10E-05,31.43102,0.02451361
,,,,,
0.000113194,0.000498429,0.416141,7.12E-05,30.13617,0.01339041
4.39E-05,0.001230571,0.4176279,7.24E-05,24.43863,0.000971603
,,,,,
3.90E-05,0.001465222,0.4203878,7.20E-05,23.85914,0.000628903
3.32E-05,0.001701699,0.4210833,7.29E-05,22.828,0.000423154
3.36E-05,0.00189304,0.4189095,7.33E-05,22.19115,0.000321992
,,,,,
3.29E-05,0.002219609,0.4135207,7.41E-05,21.15967,0.00020554
,,,,,
3.56E-05,0.002360289,0.4121969,7.45E-05,20.84105,0.000183349
,,,,,
3.10E-05,0.002381688,0.4114919,7.59E-05,20.36238,0.000185012
2.32E-05,0.002508724,0.4165139,7.76E-05,19.69717,0.000176194
2.28E-05,0.002457683,0.4158091,7.82E-05,19.51166,0.000180316
,,,,,
2.42E-05,0.002552865,0.4176459,8.21E-05,18.39988,0.000191855
,,,,,
2.18E-05,0.002571219,0.4204226,8.28E-05,18.26846,0.00019819
,,,,,
2.45E-05,0.002938217,0.4189678,9.07E-05,16.23927,0.000198431
,,,,,
2.51E-05,0.003180546,0.4213661,9.50E-05,15.29931,0.000201997
,,,,,
3.22E-05,0.003562097,0.4227304,0.000111532,12.38811,0.000235634
3.49E-05,0.003646296,0.4230912,0.000117125,11.59374,0.000248722
3.89E-05,0.003949633,0.4243961,0.000128716,10.21505,0.000271079
,,,,,
5.13E-05,0.004378002,0.4256258,0.000156185,7.797223,0.000335846
8.41E-05,0.005801764,0.4260812,0.000213884,4.981623,0.000446663
,,,,,
0.000157662,0.007771836,0.4248987,0.000316405,2.781688,0.000658756
,,,,,
0.000125739,0.006513765,0.4267025,0.000273192,3.454978,0.000585718
0.000158709,0.006824465,0.4301291,0.000305123,2.929318,0.000668991
0.000304655,0.008902174,0.480345,0.000454788,1.61291,0.001028724
,,,,,
0.000608219,0.01114364,0.6276472,0.000628523,0.993223,0.001446006
0.001199689,0.01519845,1.213003,0.000939759,0.5393569,0.002176043
0.002314641,0.01799146,0.7932642,0.00118335,0.3798626,0.002764172
,,,,,
0.005626593,0.02151957,0.4351861,0.001524672,0.2581943,0.003607486
,,,,,
0.005663063,0.02346516,0.4328332,0.001725101,0.2139843,0.004102735
,,,,,
0.01208362,0.02274824,0.4302439,0.001810817,0.1995638,0.004288532
,,,,,
0.006816777,0.02233512,0.4293046,0.001827253,0.1979831,0.004307184
,,,,,
0.004795539,0.02314875,0.4314744,0.001830616,0.1972232,0.004346047
,,,,,
0.002851489,0.02338476,0.4352833,0.001829667,0.1965378,0.004393854
,,,,,
0.002198957,0.02397655,0.4401688,0.001805619,0.1937152,0.004473936
,,,,,
0.002258907,0.02548951,0.4436652,0.001703604,0.1836837,0.004648694
0.002536482,0.02679004,0.4482459,0.001623785,0.1769609,0.004823006
,,,,,
0.003295827,0.03180811,0.4546818,0.00138245,0.1541207,0.005279617
0.003999643,0.03220617,0.4772121,0.001333688,0.1524241,0.00551053
,,,,,
0.00467846,0.02667351,0.5230139,0.00148486,0.1755784,0.005476249
,,,,,
0.008941215,0.02014677,0.6706884,0.001636721,0.2164389,0.005847165
0.02783349,0.009239197,1.122371,0.002369405,0.3852755,0.006277902
,,,,,
0.0187846,0.01244335,0.9205124,0.002020035,0.3031271,0.006244655
,,,,,
0.02014051,0.009423077,0.9528586,0.002098916,0.3176377,0.006306836
0.01356294,0.009246891,0.7416863,0.001549952,0.2140086,0.006508338
,,,,,
0.008356709,0.003478987,0.6726971,0.001783308,0.2322491,0.005781622
,,,,,
0.007151532,0.002395214,0.7176128,0.00235286,0.3076893,0.005199058
,,,,,
0.004615542,0.002571543,0.6270447,0.002396669,0.2943497,0.004818321
,,,,,
0.004115894,0.002823181,0.5968983,0.002329106,0.2803625,0.004779678
,,,,,
0.002854716,0.003750227,0.4999286,0.002037558,0.2292271,0.004701816
,,,,,
0.002685753,0.00459251,0.4824268,0.002047002,0.2283576,0.004640673
,,,,,
0.002730125,0.008406768,0.5024272,0.002124567,0.2385475,0.004601914
,,,,,
0.00257131,0.01420929,0.487834,0.002069565,0.2297363,0.004589913
,,,,,
0.002535992,0.01897096,0.4835893,0.002042453,0.2259915,0.004596935
,,,,,
0.002251036,0.02144585,0.4547901,0.001931389,0.2087888,0.004589909
,,,,,
0.002200581,0.02207012,0.448477,0.001903464,0.204779,0.0045984
,,,,,
0.002262158,0.02137616,0.4561361,0.001940422,0.2100607,0.00459647
,,,,,
0.002165504,0.02254959,0.4441166,0.001881632,0.2017182,0.004593824
,,,,,
0.002219442,0.02185588,0.4488195,0.001894474,0.2040183,0.004605909
,,,,,
0.002422772,0.02019478,0.4695936,0.001979527,0.2168921,0.004597523
0.003052778,0.01635459,0.5310372,0.002231101,0.2562306,0.004596137
,,,,,
0.006493893,0.007712706,0.7992576,0.003365088,0.4512804,0.004573084
,,,,,
0.01895925,0.002642923,1.428511,0.006057176,1.014283,0.004500234
0.03152836,0.00165979,1.853944,0.00776591,1.448502,0.004447795
,,,,,
0.02771264,0.002067186,1.689095,0.006795138,1.223116,0.004569609
,,,,,
0.03649879,0.001589267,1.950622,0.007822822,1.483182,0.004589926
,,,,,
0.05246443,0.001177344,2.317539,0.009071403,1.85732,0.004569234
,,,,,
0.0523058,0.001087691,2.274177,0.008664065,1.754657,0.004681031
0.03743803,0.000955491,1.880212,0.007002546,1.312414,0.004821549
,,,,,
0.03107557,0.000601071,1.679731,0.006100856,1.09579,0.004897155
,,,,,
0.02905085,0.000851948,1.505725,0.004897058,0.8499477,0.00519488
0.02545878,0.001113678,1.465953,0.005069502,0.8643937,0.005044771
,,,,,
0.02737666,0.002712528,1.515524,0.005143235,0.8870961,0.005092182
,,,,,
0.02097617,0.003494512,1.353592,0.004778958,0.7857109,0.004989692
,,,,,
0.01292649,0.00577854,1.046552,0.00368219,0.5494238,0.004991924
0.01478,0.005570083,1.098883,0.003724988,0.5677488,0.005086295
0.02469904,0.003329332,1.452804,0.004953627,0.837182,0.005068883
,,,,,
0.02307099,0.003067866,1.464594,0.005307144,0.894144,0.004907197
,,,,,
0.01911112,0.004084578,1.291431,0.004473872,0.720509,0.005010347
,,,,,
0.01387982,0.005135183,1.114451,0.004005934,0.6089494,0.004920331
,,,,,
,,,,,
0.007812161,0.01051205,0.7831776,0.00264987,0.3548676,0.005077499
0.008065376,0.01067062,0.7837217,0.002607533,0.350024,0.005124006
,,,,,
0.008541889,0.009473342,0.8208665,0.002805436,0.3825,0.005057103
0.007149977,0.01028203,0.7643468,0.002723455,0.3607394,0.004956192
0.006433359,0.00960404,0.7567079,0.002896023,0.3800557,0.004782067
,,,,,
0.01093687,0.005561628,1.009512,0.00390022,0.5703911,0.004767419
0.01700364,0.003867958,1.249706,0.004675307,0.7426435,0.004854328
0.04238173,0.001651017,1.994673,0.007300163,1.383598,0.00492096
,,,,,
,,,,,
0.04410046,0.001391967,2.09166,0.007969346,1.53223,0.004820518
,,,,,
0.0504903,0.001132137,2.248331,0.008635813,1.711708,0.004780426
,,,,,
0.04936026,0.001174597,2.250868,0.008838236,1.749147,0.004723667
,,,,,
0.05214014,0.001050251,2.331034,0.009304926,1.857416,0.00468931
,,,,,
0.05500852,0.001066529,2.353072,0.009240757,1.847012,0.004734062
,,,,,
0.05939883,0.001067008,2.396186,0.009201108,1.847761,0.004808224
,,,,,
0.06018035,0.000984516,2.446113,0.009614358,1.937527,0.004761063
,,,,,
0.05926467,0.000973965,2.506477,0.01015347,2.086902,0.004626771
,,,,,
0.060846,0.001017501,2.505645,0.009830101,2.038228,0.004681629
0.06345732,0.001058987,2.509197,0.009532743,1.986319,0.00475084
,,,,,
0.06142509,0.000989993,2.536854,0.01004108,2.09862,0.004629613
,,,,,
0.06332,0.000980976,2.562741,0.01006075,2.131063,0.004585499
,,,,,
0.06348427,0.000983752,2.563377,0.01004125,2.134825,0.004565101
,,,,,
0.06369775,0.00099149,2.561468,0.009982794,2.130542,0.004545748
,,,,,
0.06303855,0.000996872,2.553829,0.00996592,2.135483,0.004502501
,,,,,
0.06430614,0.00104002,2.538124,0.009630663,2.070082,0.004537558
,,,,,
0.0637676,0.001065148,2.519876,0.009473577,2.031764,0.004552321
0.06287882,0.001055221,2.522775,0.009550749,2.068369,0.004444848
,,,,,
0.0600482,0.001021434,2.511909,0.009836853,2.123508,0.004365841
0.05767186,0.001024551,2.479421,0.00987907,2.131937,0.004291641
,,,,,
0.05204813,0.000941124,2.469865,0.01065598,2.355211,0.003900257
,,,,,
0.05273879,0.000897794,2.509483,0.01094645,2.827814,0.003020216
,,,,,
0.05225709,0.000858652,2.536602,0.01090405,4.211404,0.00165507
0.04066458,0.000693773,2.544415,0.009392746,8.310194,0.000866585
0.0247268,0.00046616,2.555015,0.006983893,17.48373,0.000590363
,,,,,
0.00243483,7.71E-05,2.559927,0.00175787,72.97746,0.000940349
,,,,,
0.00041158,1.05E-05,2.564518,0.000610302,95.85001,0.008397202
0.000290621,3.32E-06,2.573466,0.000431339,98.32703,0.06545641
,,,,,
,,,,,
0.000349289,2.70E-06,2.575666,0.000427403,98.49319,0.1107729
,,,,,
0.000371027,2.54E-06,2.587046,0.000426847,98.55798,0.1281381
,,,,,
0.000370743,2.54E-06,2.6319,0.000427145,98.58125,0.1242145
,,,,,
0,0,0,0,0,0
,,,,,
0.000356941,2.64E-06,2.764517,0.000427316,98.57081,0.1106433
,,,,,
0.000346812,2.72E-06,2.824497,0.000427398,98.55939,0.1011969
,,,,,
0,0,0,0,0,0
,,,,,
0,0,0,0,0,0
,,,,,
0,0,0,0,0,0
,,,,,
0.000226044,4.66E-06,3.694669,0.000427167,98.34136,0.02292722
,,,,,
0.000226052,5.36E-06,3.361214,0.000427185,98.26414,0.01461017
,,,,,
0.000226318,1.67E-05,3.122849,0.000427474,97.56765,0.000474612
,,,,,
0.000227748,2.55E-05,2.943092,0.000429067,97.22306,0.000131391
,,,,,
0.00023539,3.23E-05,2.780476,0.000437576,96.94584,6.87E-05
,,,,,
0.000284327,4.54E-05,2.76346,0.000489617,96.1208,3.61E-05
0.0004561,6.82E-05,2.671807,0.000648622,93.82815,2.71E-05
,,,,,
0.000322415,4.63E-05,2.625278,0.000527677,95.71529,4.47E-05
,,,,,
0.000375061,4.60E-05,2.608383,0.000577395,95.22202,6.31E-05
,,,,,
0.000524091,5.95E-05,2.585597,0.00070466,93.42721,5.78E-05
,,,,,
0.000610503,5.43E-05,2.547377,0.000771937,92.75574,0.000106414
,,,,,
0.000331744,1.70E-05,2.514251,0.000537393,96.60665,0.00116338
,,,,,
0.000224447,8.24E-06,2.431502,0.000426182,97.90501,0.004881881
,,,,,
0.000220577,4.95E-06,2.464631,0.000421627,98.24089,0.02093257
0.000266428,3.89E-06,2.495581,0.000422253,98.36923,0.04275729
0.000321242,3.26E-06,2.493199,0.000420484,98.46059,0.07491701
,,,,,
0.000323773,3.25E-06,2.503353,0.000420993,98.46597,0.07711907
,,,,,
0.000268279,3.84E-06,2.525947,0.00042259,98.3773,0.04521406
,,,,,
,,,,,
0.000274081,3.84E-06,2.532441,0.000425287,98.36104,0.04743176
,,,,,
0.000243999,6.55E-06,2.544379,0.000447575,97.99174,0.01186944
,,,,,
0.000313593,2.18E-05,2.545222,0.000519707,96.57521,0.000564838
0.00150565,0.000123247,2.536608,0.001322217,83.13232,6.92E-05
,,,,,
0.03401213,0.000800434,2.503622,0.008462016,19.67749,0.000134334
,,,,,
0.04790643,0.001049898,2.457825,0.01039373,14.26775,0.000153374
,,,,,
0.04479773,0.001165702,2.311557,0.01004057,12.52177,0.000163334
0.03325909,0.001515097,1.968598,0.008533503,9.744881,0.000183668
,,,,,
0.0339393,0.001475116,1.985727,0.008614018,9.429734,0.000200127
0.0390893,0.001273019,2.139301,0.009279397,10.2769,0.000203455
,,,,,
0.04201222,0.001171054,2.223249,0.009639179,10.5127,0.000214907
,,,,,
0.03694417,0.001330974,2.068447,0.008950088,8.906896,0.000247885
,,,,,
0.02987569,0.001723797,1.816346,0.007679607,6.262039,0.000340437
,,,,,
0.02828907,0.001761845,1.774981,0.007583248,5.082571,0.000474666
,,,,,
0.02333821,0.002097041,1.607358,0.006891944,3.485488,0.000732663
,,,,,
0.02090596,0.002293857,1.522832,0.006570274,2.874176,0.000911246
,,,,,
0.01907313,0.002512332,1.449509,0.006253039,2.169832,0.001315974
,,,,,
0.01510673,0.003171714,1.278376,0.005505293,1.527662,0.001785983
,,,,,
0.00952669,0.005018946,0.9969329,0.004283026,0.8773041,0.002570479
0.009690985,0.004962738,1.004679,0.004308445,0.8570595,0.00270748
,,,,,
0.006437415,0.007466153,0.80527,0.00344747,0.5452015,0.003471676
0.005800093,0.008294261,0.7608364,0.003255385,0.4874907,0.003670084
,,,,,
0.005339862,0.009081539,0.7257146,0.003094048,0.4371094,0.003938572
0.005563384,0.008776883,0.7405121,0.003149798,0.4397745,0.004064098
,,,,,
0.007947451,0.006104889,0.8995672,0.003842033,0.5766651,0.004060647
,,,,,
0.004822592,0.0100259,0.6872221,0.002932963,0.3883582,0.00422753
0.004174309,0.01155975,0.6356896,0.002712463,0.3448728,0.004303551
,,,,,
0.003228179,0.01488626,0.5538394,0.002363655,0.2823069,0.004383462
0.002797509,0.01719264,0.5125504,0.002186842,0.2524821,0.004418426
,,,,,
0.002943911,0.01633908,0.5272556,0.002249594,0.2621758,0.004426182
,,,,,
0.002843701,0.01707767,0.5160632,0.002194618,0.2529033,0.004461495
,,,,,
0.002596176,0.01884286,0.4899246,0.00207713,0.2342912,0.004501436
,,,,,
0.002559652,0.0193011,0.4844952,0.002047261,0.2300572,0.004516551
,,,,,
0.002521154,0.02004411,0.4767709,0.002001083,0.2236011,0.004538385
,,,,,
0.002491642,0.02108925,0.467069,0.001937867,0.2147319,0.004593964
,,,,,
0.002473484,0.02145532,0.4623899,0.001915858,0.2116074,0.004646367
,,,,,
0.002638475,0.02187591,0.4611202,0.00189186,0.2089995,0.004678273
0.002688982,0.02198922,0.4576455,0.001875248,0.2070586,0.004830242
,,,,,
0.002681919,0.02189136,0.4585483,0.00188374,0.2082415,0.004816075
,,,,,
0.002678693,0.02195538,0.4578613,0.001886718,0.2084522,0.004821691
0.00277325,0.02233163,0.4581889,0.001872076,0.2060287,0.004720128
,,,,,
0.002754397,0.02238795,0.4591551,0.001872776,0.2058035,0.004709647
0.002741315,0.02195549,0.4666046,0.001897832,0.2090927,0.0046752
,,,,,
0.002822858,0.02101999,0.4840569,0.001944379,0.2166279,0.00469888
,,,,,
0.002859177,0.02011,0.5078842,0.001993421,0.2241628,0.004687119
,,,,,
0.002932063,0.01911475,0.5367208,0.002039537,0.2318922,0.004784408
,,,,,
0.002946743,0.0182352,0.5635644,0.002099725,0.2416143,0.004690835
,,,,,
0.002953996,0.0173894,0.5718555,0.002143693,0.2489741,0.004784403
,,,,,
,,,,,
,,,,,
,,,,,
,,,,,
,,,,,
,,,,,
,,,,,
,,,,,
,,,,,
,,,,,
,,,,,
,,,,,
,,,,,
,,,,,
,,,,,
,,,,,
,,,,,
,,,,,
,,,,,
,,,,,
,,,,,
,,,,,
,,,,,
,,,,,
,,,,,
,,,,,
,,,,,
,,,,,
,,,,,
,,,,,
,,,,,
,,,,,
,,,,,
,,,,,
,,,,,
,,,,,
,,,,,
,,,,,
,,,,,
,,,,,
,,,,,
,,,,,
,,,,,
,,,,,
,,,,,
,,,,,
,,,,,
,,,,,
,,,,,
,,,,,
,,,,,
,,,,,
,,,,,
,,,,,
,,,,,
,,,,,
,,,,,
,,,,,
,,,,,
,,,,,
,,,,,
,,,,,
,,,,,
,,,,,
,,,,,
,,,,,
,,,,,
,,,,,
,,,,,
,,,,,
,,,,,
,,,,,
,,,,,
,,,,,
,,,,,
,,,,,
,,,,,
,,,,,
,,,,,
,,,,,
,,,,,
,,,,,
,,,,,
,,,,,
,,,,,
,,,,,
,,,,,
,,,,,
,,,,,
,,,,,
,,,,,
,,,,,
,,,,,
,,,,,
,,,,,
,,,,,
,,,,,
,,,,,
,,,,,
,,,,,
,,,,,
,,,,,
,,,,,
,,,,,
,,,,,
,,,,,
,,,,,
,,,,,
,,,,,
,,,,,
,,,,,
,,,,,
,,,,,
,,,,,
,,,,,
,,,,,
,,,,,
,,,,,
,,,,,
,,,,,
,,,,,
,,,,,
,,,,,
,,,,,
,,,,,
,,,,,
,,,,,
0.001960399,0.02400768,0.4359852,0.001823093,0.1943255,0.004512921
,,,,,
,,,,,
,,,,,
,,,,,
,,,,,
,,,,,
,,,,,
,,,,,
,,,,,
,,,,,
,,,,,
,,,,,
,,,,,
,,,,,
,,,,,
,,,,,
,,,,,
,,,,,
,,,,,
,,,,,
,,,,,
,,,,,
,,,,,
,,,,,
,,,,,
,,,,,
,,,,,
,,,,,
,,,,,
,,,,,
,,,,,
,,,,,
,,,,,
,,,,,
,,,,,
,,,,,
,,,,,
,,,,,
0.002032554,0.02407321,0.9930528,0.001826149,0.193561,0.004515302
,,,,,
,,,,,
,,,,,
,,,,,
,,,,,
,,,,,
,,,,,
,,,,,
,,,,,
,,,,,
,,,,,
,,,,,
,,,,,
,,,,,
,,,,,
,,,,,
,,,,,
,,,,,
,,,,,
0.02660788,0.000494034,1.705121,0.04910251,2.229497,0.002363276
,,,,,
,,,,,
,,,,,
7.97E-05,1.31E-06,0.1512892,99.88758,2.367638,6.69E-06
6.95E-05,1.10E-06,0.6378382,99.92542,2.366939,5.75E-06
,,,,,
6.98E-05,1.10E-06,7.370293,99.92702,2.357651,5.73E-06
6.96E-05,1.09E-06,7.023116,99.92844,2.357316,5.68E-06
,,,,,
7.00E-05,1.09E-06,7.876761,99.92868,2.364402,5.65E-06
6.97E-05,1.09E-06,8.780681,99.92838,2.403922,5.53E-06
,,,,,
7.00E-05,1.09E-06,12.69262,99.92865,2.434834,5.39E-06
,,,,,
7.00E-05,1.09E-06,22.21511,99.9292,2.561813,4.93E-06
,,,,,
7.02E-05,1.09E-06,26.00518,99.92894,2.647911,4.66E-06
,,,,,
7.08E-05,1.09E-06,28.54734,99.92896,2.726344,4.41E-06
7.14E-05,1.10E-06,31.37025,99.92842,2.836511,4.12E-06
,,,,,
7.17E-05,1.10E-06,34.18626,99.92783,2.897583,3.99E-06
,,,,,
7.25E-05,1.11E-06,36.72753,99.92609,3.085065,3.61E-06
,,,,,
7.22E-05,1.11E-06,39.56322,99.92575,3.055779,3.69E-06
,,,,,
7.45E-05,1.15E-06,38.07874,99.91899,3.453722,3.10E-06
,,,,,
0.000230475,3.62E-06,0.1836897,98.6347,3.065458,1.22E-05
,,,,,
0.02900696,0.000467026,3.507613,0.04421049,3.03188,0.001695222
0.04219299,0.000709078,4.418139,0.01012993,3.333844,0.00297753
,,,,,
0.001792083,5.85E-05,4.304393,0.001466838,46.64653,0.002046044
,,,,,
0.000419495,4.47E-06,4.085155,0.000619526,86.30735,0.2919447
0.00038149,2.63E-06,3.800615,0.000445375,93.08121,1.322314
0.000367092,2.79E-06,3.444313,0.00041644,94.51683,1.238419
,,,,,
0.000350337,3.19E-06,2.853437,0.000402237,94.26772,1.347393
,,,,,
0.000347835,3.70E-06,2.382109,0.000373035,91.89734,2.112872
0.000285547,6.35E-06,2.022957,0.00032993,90.37109,2.95046
,,,,,
,,,,,
0.000263824,1.64E-05,1.156428,0.00018993,80.34557,3.699418
,,,,,
0.000280396,2.36E-05,0.8104575,0.000132789,70.10094,3.740323
,,,,,
0.000306923,3.32E-05,0.7312463,0.00011962,65.49943,3.646923
,,,,,
0.000324516,5.05E-05,0.5734413,9.39E-05,56.69804,3.584199
,,,,,
0.000366591,5.41E-05,0.4936343,8.14E-05,49.66229,3.429802
,,,,,
0.000390747,6.04E-05,0.4569733,7.77E-05,45.54221,3.478291
0.000569441,7.62E-05,0.4334814,9.49E-05,34.96902,4.136596
,,,,,
0.001160688,0.00012337,0.4211135,0.000151709,20.03064,5.80193
,,,,,
0.006277386,0.001425577,0.3968078,0.001101493,0.7967202,0.6744312
0.002515921,0.008621513,0.3647796,0.001756411,0.2264325,0.005982776
,,,,,
0.003309777,0.005912798,0.2974419,0.001841665,0.1968084,0.004342463
0.004719273,0.005708538,0.2757391,0.001775881,0.1894561,0.004276158
0.04244844,0.005840044,0.8890243,0.001204005,0.1323905,0.004943863
,,,,,
0.6777017,0.04647754,59.87836,0.000256787,0.03200666,0.01046376
,,,,,
36.26894,6.093468,83.23335,9.85E-06,0.001607533,0.04390822
,,,,,
76.8691,17.58483,69.08794,5.25E-06,0.000903666,0.04412512
,,,,,
84.19711,12.00825,3.744035,6.73E-06,0.001133531,0.03817437
,,,,,
80.04574,29.86732,0.06008284,5.55E-06,0.000949712,0.02396809
,,,,,
8.619787,6.636589,0.1311311,3.59E-05,0.005257015,0.009057824
0.1375609,0.4821419,0.1898155,0.000483894,0.05712681,0.002113122
,,,,,
0.007261262,0.1892184,0.244948,0.001580516,0.1691646,0.001143964
0.004233929,0.1587805,0.236208,0.001794165,0.1918147,0.001089779
,,,,,
0.005942265,0.1352954,0.1495892,0.001764097,0.2038486,0.001046191
,,,,,
0.002535769,0.1168592,0.2233852,0.0013788,0.2985736,0.000871172
,,,,,
0.000908062,0.08481191,0.2935608,0.000852466,0.622633,0.00055585
,,,,,
0.000239933,0.04913189,0.3520863,0.000399297,1.978903,0.000272056
,,,,,
5.30E-05,0.0100346,0.3766229,0.000100344,17.25496,0.000456688
0.000119763,0.002438363,0.3977624,7.67E-05,32.95206,0.01520253
,,,,,
0.000411106,0.000520547,0.4091671,7.77E-05,46.98332,0.6985893
,,,,,
0.000382449,0.000400495,0.5044338,8.59E-05,51.57512,0.8702454
,,,,,
0.000380304,0.000271797,0.5790145,9.76E-05,55.8567,0.9395013
0.000363322,0.000258861,0.6393359,0.000105267,58.35115,0.8613907
0.000346581,0.000170311,0.8085178,0.000134295,66.45039,0.8336192
,,,,,
0.00033906,0.000107887,1.125611,0.000188138,76.63199,0.8463123
0.000283996,9.35E-05,1.552052,0.000261798,85.5509,0.9129394
,,,,,
0.000137083,0.000309698,1.829222,0.000313931,92.26803,1.211625
,,,,,
0.000129625,0.000489853,1.537871,0.000268908,90.77052,1.139621
0.000167866,0.000626021,1.063056,0.000183703,83.14293,0.9621031
,,,,,
0.000117268,0.00126653,0.8659695,0.000151165,75.521,0.2222935
,,,,,
0.000119207,0.002242771,0.6221195,0.000116992,68.26723,0.1888091
,,,,,
8.19E-05,0.01079462,0.4953739,9.93E-05,76.04836,0.8713576
,,,,,
5.69E-05,0.09054254,0.2961456,8.02E-05,81.8843,2.388017
,,,,,
6.53E-05,0.1153839,0.2366996,7.38E-05,80.6422,2.460199
0.000114632,0.08632191,0.1765921,7.15E-05,78.53695,2.285411
,,,,,
0.000422638,0.01874423,0.1141991,7.05E-05,69.47056,1.377572
,,,,,
0.000412015,0.01831309,0.1099434,6.99E-05,67.68297,0.9780126
,,,,,
0.000515622,0.02980713,0.06344486,6.97E-05,66.87911,0.3328174
,,,,,
0.000633249,0.02164813,0.05831776,6.96E-05,64.77917,0.3097565
,,,,,
0.000100798,0.04233703,0.08716268,7.06E-05,32.92376,0.000139215
,,,,,
8.33E-05,0.02899183,0.115316,7.23E-05,27.72683,7.76E-05
5.96E-05,0.01450729,0.1830836,7.59E-05,23.7934,5.47E-05
,,,,,
7.76E-05,0.01354719,0.2213955,9.79E-05,15.5762,4.87E-05
,,,,,
0.000115474,0.01421503,0.2191457,0.000134034,9.912486,6.36E-05
7.45E-05,0.02240668,0.3189481,0.000145876,8.893059,7.04E-05
,,,,,
0.000178467,0.0703846,0.3645081,0.000297458,3.119656,0.000144943
,,,,,
0.000302479,0.0972328,0.3773565,0.000472374,1.555669,0.000241209
0.000297862,0.08185547,0.3735319,0.000447088,1.725568,0.0003001
,,,,,
0.000350657,0.03017955,0.3845973,0.000335687,3.195295,0.001761458
,,,,,
0.001042088,0.01090427,0.3824735,0.000360571,3.810302,0.037667
0.002355226,0.008391102,0.3825389,0.000457109,3.035899,0.1777872
,,,,,
0.003460632,0.006207559,0.3830285,0.000493538,2.928232,0.4520558
,,,,,
0.005564084,0.00207814,0.3725073,0.000396504,5.084989,4.013735
0.004192969,0.00155476,0.3910733,0.000320792,7.104017,4.406014
,,,,,
0.003326041,0.001117672,0.3852878,0.000271802,9.019798,4.230284
,,,,,
0.001728085,0.000659285,0.3674694,0.000171772,16.85307,2.966354
0.000935341,0.000557461,0.3889395,0.000123677,25.51008,1.867677
,,,,,
0.000743302,0.00056396,0.3996412,0.000111478,29.09922,1.462531
0.000478126,0.000552641,0.4193945,9.28E-05,36.52757,0.9551241
,,,,,
0.000323556,0.000560806,0.4499381,8.62E-05,42.00353,0.52341
0.000261254,0.000549012,0.4840016,8.86E-05,46.38893,0.367782
,,,,,
0.000150277,0.000955632,0.4816936,8.44E-05,43.32858,0.0832708
2.37E-05,0.008214234,0.4521436,7.86E-05,29.3884,0.000356563
1.48E-05,0.01411659,0.4258433,7.42E-05,23.54814,6.35E-05
,,,,,
1.53E-05,0.01355124,0.423557,7.51E-05,22.31905,6.53E-05
1.85E-05,0.01140474,0.4288072,7.95E-05,20.8826,8.54E-05
,,,,,
3.06E-05,0.01418156,0.4271648,9.79E-05,16.38102,0.000164361
,,,,,
7.22E-05,0.01031339,0.4267698,0.00012422,13.5124,0.000882536
,,,,,
0.000262573,0.007362847,0.4308119,0.000189228,9.163061,0.009312089
,,,,,
0.000949133,0.003994703,0.4403494,0.000275722,7.017346,0.1306742
,,,,,
0.007959008,0.003852034,0.4474134,0.000704398,2.265203,2.751655
,,,,,
0.01799127,0.003633529,0.4515592,0.001017747,1.442686,8.520365
,,,,,
0.03208891,0.004349144,0.4492683,0.001438416,0.8571705,13.75509
,,,,,
0.02805179,0.005592982,0.4483306,0.001523565,0.7309356,8.111236
,,,,,
0.01462521,0.006551591,0.4483846,0.001276261,0.8540927,2.411398
0.01171268,0.008691248,0.4561026,0.001401258,0.7044107,1.008703
,,,,,
0.008936221,0.01197045,0.4457795,0.001452801,0.5602902,0.3962941
,,,,,
0.004767742,0.02695295,0.4461826,0.001586471,0.3930993,0.04443272
0.003244033,0.03440777,0.4517268,0.001684436,0.3262275,0.01362121
0.003981418,0.01362619,0.4975976,0.001881268,0.3857117,0.03530476
,,,,,
0.006531773,0.005316074,0.8721875,0.003491987,0.6673567,0.01152781
,,,,,
0.02849243,0.00131605,2.015015,0.007808586,1.875177,0.006945923
,,,,,
0.04739153,0.000716596,84.96313,0.01030168,3.052736,0.006374021
,,,,,
0.04965757,0.000694246,99.38175,0.01063393,3.307915,0.005227575
,,,,,
0.03151396,0.000473507,99.12985,0.03793844,3.512437,0.001750269
0.000266986,3.89E-06,50.82714,98.13319,3.716373,1.19E-05
,,,,,
8.01E-05,1.09E-06,23.60117,99.91905,4.562046,2.14E-06
,,,,,
0.000104787,1.06E-06,23.57375,99.92827,6.012287,1.16E-06
,,,,,
9.93E-05,1.06E-06,23.97974,99.9276,7.242241,8.43E-07
,,,,,
0.000106951,1.05E-06,24.82327,99.92712,8.553161,6.29E-07
0.000105176,1.06E-06,26.57762,99.92791,10.35539,4.34E-07
,,,,,
0.000101412,1.07E-06,29.84692,99.92815,12.0053,3.26E-07
,,,,,
0.000102104,1.06E-06,34.53822,99.92764,13.37321,2.68E-07
9.88E-05,1.06E-06,42.47034,99.92767,13.9187,2.48E-07
9.58E-05,1.06E-06,54.88609,99.92761,14.52502,2.29E-07
,,,,,
8.76E-05,1.06E-06,66.12102,99.92748,15.02772,2.14E-07
8.25E-05,1.07E-06,72.46559,99.92825,14.98628,2.12E-07
,,,,,
8.45E-05,1.07E-06,80.12441,99.92868,15.0344,2.09E-07
,,,,,
8.76E-05,1.07E-06,81.62604,99.92887,14.94401,2.11E-07
,,,,,
8.26E-05,1.07E-06,82.25268,99.92888,14.92559,2.11E-07
,,,,,
8.38E-05,1.08E-06,82.65701,99.9292,14.91534,2.10E-07
,,,,,
8.25E-05,1.08E-06,84.547,99.92931,14.93247,2.09E-07
,,,,,
8.11E-05,1.08E-06,85.8553,99.9293,14.96648,2.08E-07
,,,,,
8.18E-05,1.07E-06,87.16264,99.92879,15.16745,2.05E-07
,,,,,
8.83E-05,1.08E-06,88.28952,99.92905,15.08152,2.06E-07
,,,,,
8.87E-05,1.08E-06,88.62292,99.9289,15.11584,2.06E-07
,,,,,
8.84E-05,1.08E-06,89.2513,99.92941,14.98118,2.07E-07
8.73E-05,1.08E-06,90.28448,99.92898,15.09868,2.06E-07
,,,,,
9.04E-05,1.08E-06,91.09551,99.92898,15.09701,2.06E-07
,,,,,
9.52E-05,1.08E-06,92.57536,99.92863,15.1793,2.05E-07
,,,,,
9.94E-05,1.08E-06,93.61755,99.9284,15.26046,2.04E-07
,,,,,
8.94E-05,1.06E-06,83.8557,99.92721,15.45487,2.03E-07
,,,,,
7.96E-05,1.11E-06,0.276802,99.91484,15.57699,2.17E-07
,,,,,
0.00474352,8.06E-05,2.38572,2.341624,17.07713,1.65E-05
0.03450897,0.00061986,9.055517,0.01416155,17.29701,0.000136838
,,,,,
0.03348524,0.000657126,6.690677,0.008377518,18.65092,0.000168444
,,,,,
0.03354784,0.000646946,4.615047,0.008351364,15.70798,0.000265759
,,,,,
0.01018725,0.000266156,3.206962,0.004117622,28.00531,0.000772791
,,,,,
0.009199679,0.000237085,2.995892,0.003875616,26.67601,0.00122604
,,,,,
0.004308462,5.38E-05,2.807297,0.002468707,40.83739,0.04631977
,,,,,
0.003525141,7.90E-05,2.433907,0.002200929,30.22934,0.0297871
,,,,,
0.001683732,0.00017991,1.758515,0.001458317,21.63876,0.01267163
,,,,,
0.000569582,0.001227568,0.7629174,0.00079248,5.665646,0.009504206
,,,,,
0.000270188,0.004292788,0.4415531,0.000330196,4.326598,0.002822823
,,,,,
0.000230243,0.009589599,0.4002217,0.000296829,3.578761,0.001297145
,,,,,
0.000436177,0.03334669,0.3879767,0.000507274,1.456046,0.00082872
,,,,,
0.000715225,0.08259364,0.3911731,0.000761976,0.7547731,0.000646801
0.001025301,0.1387981,0.3849916,0.001000879,0.4856986,0.000567734
,,,,,
0.0010523,0.1413547,0.3749369,0.000988502,0.4950649,0.000547136
,,,,,
0.001065759,0.1384634,0.3696711,0.000995894,0.4911559,0.00057414
0.001315967,0.1559123,0.3705469,0.001172038,0.3835195,0.000681639
0.001314653,0.1552418,0.3868263,0.00121425,0.363195,0.000726649
,,,,,
0.001422616,0.158764,0.3952549,0.001324464,0.3178118,0.000813566
0.001590396,0.1691892,0.4016828,0.001458097,0.2737659,0.000884705
,,,,,
,,,,,
0.001574415,0.1749361,0.4040414,0.001441892,0.2789481,0.00085759
,,,,,
0.001523253,0.1641295,0.4058619,0.001409095,0.2896138,0.000884063
,,,,,
0.001694949,0.1678472,0.4024031,0.001458715,0.2774525,0.000988953
0.001873323,0.1782508,0.4064199,0.001564458,0.2498774,0.00108005
,,,,,
0.001955318,0.1848498,0.4103079,0.001613667,0.2392133,0.001140241
0.002081417,0.1926585,0.4012385,0.001672895,0.2247273,0.00110014
0.002059534,0.1955044,0.4079608,0.001679066,0.2241072,0.001126508
,,,,,
0.002010623,0.18606,0.4054523,0.001638816,0.2317858,0.001093457
,,,,,
0.001985973,0.1812908,0.4086942,0.001640872,0.2323297,0.001155519
,,,,,
0.00199026,0.1878036,0.4051243,0.001652105,0.2289226,0.001100554
,,,,,
0.002011728,0.2006612,0.4033583,0.001694696,0.2188559,0.001042279
,,,,,
0.002038174,0.2122906,0.397427,0.001711621,0.2143874,0.00097138
,,,,,
0.001940267,0.2265171,0.4079213,0.001703555,0.2155463,0.000916076
0.001929953,0.2318168,0.4108382,0.001699902,0.2163129,0.000901972
0.001921655,0.2328518,0.4083351,0.00169295,0.217475,0.000884872
,,,,,
0.002002746,0.239925,0.4057944,0.001694163,0.2171459,0.000863975
0.002158974,0.2426443,0.3960035,0.001714498,0.2132897,0.000868068
,,,,,
0.002116709,0.2430401,0.4046551,0.001701102,0.2158898,0.000862502
,,,,,
0.00219903,0.243855,0.4045596,0.001693275,0.2174139,0.000855298
0.002319984,0.2451488,0.4091496,0.001699701,0.216182,0.000859522
,,,,,
0.00282126,0.2415798,0.409723,0.0016408,0.2280427,0.000822494
,,,,,
0.003244308,0.2370782,0.4110849,0.001594009,0.2383735,0.000799492
,,,,,
0.003323317,0.2350586,0.4124061,0.001547736,0.2493508,0.000769475
0.004287669,0.2260122,0.4115302,0.001475195,0.2682181,0.000732587
,,,,,
0.004453631,0.2278093,0.4107181,0.001492534,0.2635385,0.000741985
,,,,,
0.003822988,0.2272015,0.4161035,0.001484426,0.2658055,0.000741268
,,,,,
0.003788644,0.225132,0.4115069,0.001480392,0.2670605,0.000743022
,,,,,
0.004494501,0.2281586,0.4102648,0.001508437,0.2595395,0.000757525
,,,,,
0.003253094,0.2227487,0.4085023,0.001466407,0.2712325,0.000742584
,,,,,
0.002061811,0.2174896,0.4160926,0.001585947,0.2407983,0.000852856
0.001804048,0.1773132,0.4220838,0.001625907,0.2324385,0.001016705
,,,,,
0.00182425,0.1037125,0.4350771,0.001718195,0.2180412,0.001539311
,,,,,
0.002066376,0.05669295,1.638573,0.001866504,0.2277313,0.002207241
,,,,,
0.003871361,0.01921731,90.57346,0.002632114,0.3556716,0.003024216
,,,,,
0.01636801,0.003274689,99.01394,0.006390429,1.058583,0.003458402
,,,,,
0.000138754,2.72E-06,36.94584,99.53967,2.386248,9.86E-06
,,,,,
8.30E-05,1.16E-06,23.40421,99.9259,2.768189,4.21E-06
,,,,,
9.56E-05,1.09E-06,24.64097,99.92883,3.661193,2.65E-06
9.61E-05,1.09E-06,25.41746,99.92883,4.077464,2.21E-06
,,,,,
0.000115843,1.09E-06,28.57706,99.92937,5.467827,1.32E-06
0.000128591,1.09E-06,37.03814,99.92941,7.629714,7.26E-07
,,,,,
0.000128126,1.08E-06,51.43155,99.92928,10.24127,4.25E-07
,,,,,
0.000132431,1.08E-06,76.3616,99.92886,12.36204,3.01E-07
,,,,,
0.000136225,1.08E-06,90.68446,99.92913,13.49017,2.54E-07
0.0001386,1.08E-06,97.42725,99.92915,14.25974,2.28E-07
,,,,,
0.000157561,1.09E-06,99.26903,99.92949,14.59004,2.16E-07
,,,,,
0.000121066,1.09E-06,99.40348,99.92894,14.81651,2.11E-07
,,,,,
0.000113392,1.27E-06,83.43456,99.89684,14.91844,2.42E-07
,,,,,
0.001897199,2.42E-05,43.32209,40.80766,14.98909,4.61E-06
,,,,,
0.03920373,0.000614539,91.69566,0.02034386,16.27161,0.000115709
0.04280324,0.000752063,89.91827,0.009856497,18.05893,0.00013824
,,,,,
0.01822295,0.000518358,82.95073,0.005797417,32.23446,8.39E-05
,,,,,
0.000775588,0.000123712,77.76717,0.000891159,89.3193,1.28E-05
,,,,,
0.000392511,8.30E-05,69.41731,0.000595072,94.09761,1.12E-05
0.000244029,1.01E-05,60.40682,0.000450332,97.73937,0.002543024
,,,,,
0.000312297,3.15E-06,50.44404,0.000432912,98.47839,0.07813028
0.000354233,2.78E-06,42.53093,0.000430121,98.5619,0.1240447
,,,,,
0.000356833,2.78E-06,28.09584,0.000431239,98.54172,0.1281658
0.000353035,2.84E-06,16.05985,0.000428799,98.55399,0.143012
0.000352168,2.91E-06,11.93834,0.000430651,98.5024,0.1538713
,,,,,
0.00036416,2.76E-06,10.35285,0.000432502,98.44856,0.155946
0.000379057,2.74E-06,5.149393,0.000441807,98.13452,0.2005042
,,,,,
0.000378615,2.70E-06,3.915508,0.000441305,98.04604,0.2089738
,,,,,
0.000393579,2.63E-06,3.579626,0.000456246,97.62376,0.2441531
,,,,,
0.000328791,3.66E-06,3.328597,0.0005448,95.92207,0.1030226
0.00035118,8.98E-06,3.37989,0.000576467,93.82769,0.02607932
,,,,,
0.000749343,5.26E-05,2.926383,0.000941002,79.78632,0.000775022
0.002553703,0.000161153,2.8588,0.001975313,49.29816,0.000352302
0.01545413,0.000445716,2.69181,0.0061326,13.05997,0.000704593
,,,,,
0.03483128,0.000650961,2.460157,0.01094553,5.72869,0.001269427
0.03490419,0.000546758,1.740519,0.02784904,3.837257,0.001397668
,,,,,
0.01531262,0.000234091,0.740667,0.2550229,3.113629,0.000765221
0.000627891,9.55E-06,0.03193147,86.9859,3.137289,3.03E-05
,,,,,
0.004074891,6.26E-05,0.2018825,6.356338,2.729366,0.000249682
,,,,,
0.03667336,0.000561537,1.688107,0.03110562,2.55442,0.002495564
,,,,,
0.05118309,0.000785154,2.327133,0.01373983,2.528716,0.003539596
0.05448981,0.000838004,2.478092,0.01185169,2.512151,0.003790009
,,,,,
0.05596605,0.00085815,2.532773,0.01123187,2.519151,0.003840286
,,,,,
0.05629573,0.000863236,2.555675,0.01117642,2.564583,0.00372749
,,,,,
0.05611166,0.000859522,2.565537,0.01122144,2.687326,0.003458986
,,,,,
0.05617057,0.000858439,2.571743,0.01123562,3.228548,0.002528168
,,,,,
0.05643411,0.000859445,2.570435,0.01123586,2.999097,0.002870564
0.05692209,0.000859267,2.563299,0.01122598,2.986667,0.002889066
,,,,,
0.05715744,0.000849596,2.553501,0.01121383,2.959,0.002931545
,,,,,
0.05664091,0.000829118,2.548354,0.01121281,2.836031,0.003150116
,,,,,
0.05603785,0.000807054,2.54841,0.01121389,2.764523,0.003286243
,,,,,
0.05554662,0.000828336,2.541277,0.01120714,2.870499,0.00307169
0.05491886,0.000865825,2.520576,0.01115679,2.78588,0.003198068
,,,,,
0.05411336,0.00088494,2.492906,0.01104663,2.72177,0.003253839
0.05104601,0.00093814,2.357058,0.01069088,2.518429,0.003436553
,,,,,
0.04556683,0.001056484,2.203522,0.01006518,2.294749,0.003480258
,,,,,
0.0430085,0.001124163,2.167138,0.009771223,2.194114,0.003497973
,,,,,
0.0339793,0.001436211,1.891102,0.00860356,1.797594,0.003623566
,,,,,
0.03367898,0.001487908,1.890146,0.008563452,1.787823,0.003560705
,,,,,
0.02553071,0.002006415,1.606793,0.007354644,1.443248,0.003550316
0.01993796,0.002559579,1.347637,0.006421076,1.188559,0.003584666
0.01128293,0.004529219,0.9717544,0.00470646,0.766028,0.00365356
0.004172113,0.0121853,0.5559207,0.00273672,0.3492606,0.003909175
,,,,,
0.003975689,0.01758138,0.3729942,0.002174691,0.2507899,0.003970919
,,,,,
0.003926609,0.02054437,0.3600536,0.002049936,0.2299659,0.003847485
,,,,,
0.005346395,0.01917292,0.2600044,0.00193449,0.2112697,0.003731296
,,,,,
0.008062885,0.01108299,0.1809128,0.001900919,0.2059443,0.003729165
,,,,,
0.007198612,0.007123985,0.1921448,0.001876359,0.201513,0.003810758
0.01193359,0.004800385,0.125328,0.001862221,0.198992,0.00404133
,,,,,
0.03910694,0.003202216,0.05273095,0.001850099,0.1968624,0.004104089
,,,,,
0.06485806,0.002515398,0.0238571,0.001839943,0.1953079,0.004288602
,,,,,
0.0559332,0.002146062,0.02765566,0.001833176,0.193984,0.004391341
0.05813072,0.002027552,0.02959633,0.001825743,0.1928181,0.004478738
,,,,,
0.07092988,0.002006065,0.03018616,0.001819526,0.1920719,0.004521696
0.07325407,0.002127922,0.03262948,0.001814925,0.1915132,0.004532545
,,,,,
0.06568354,0.002828625,0.03924159,0.001822261,0.1921926,0.004514717
,,,,,
,,,,,
0.01937589,0.008750308,0.1024028,0.001828421,0.1927837,0.004496451
,,,,,
0.007574663,0.01815406,0.196413,0.001827595,0.1927232,0.004501969